INSERT INTO roles VALUES(1,'Super Admin','Control total del sistema',100,1,'2026-02-24 02:06:06');
INSERT INTO roles VALUES(2,'Administrador','Gestión de usuarios',80,1,'2026-02-24 02:06:06');
INSERT INTO roles VALUES(3,'Archivista','Validación estratégica',60,1,'2026-02-24 02:06:06');
INSERT INTO roles VALUES(4,'Profesional 1','Directivo',40,1,'2026-02-24 02:06:06');
INSERT INTO roles VALUES(5,'Profesional 2','Operativo',20,1,'2026-02-24 02:06:06');
INSERT INTO roles VALUES(6,'Técnico','Operativo',10,1,'2026-02-24 02:06:06');
INSERT INTO dependencias VALUES(1,'Despacho alcalde',NULL,NULL,NULL,1,1,'2026-02-24 02:06:06',NULL);
INSERT INTO dependencias VALUES(2,'Oficina jurídica',NULL,NULL,NULL,1,1,'2026-03-04 02:40:56',NULL);
INSERT INTO dependencias VALUES(3,'Oficina de control interno',NULL,NULL,NULL,1,1,'2026-03-04 02:41:09',NULL);
INSERT INTO dependencias VALUES(4,'Secretaría de gobierno',NULL,NULL,NULL,1,1,'2026-03-04 02:41:17',NULL);
INSERT INTO auditoria_usuarios VALUES(1,1,2,'CREAR_USUARIO','{"username":"larsonagon","id_rol":1,"id_dependencia":1,"id_cargo":2,"id_nivel":1}','2026-03-01 16:44:18');
INSERT INTO auditoria_usuarios VALUES(2,1,3,'CREAR_USUARIO','{"username":"larsonagon","id_rol":1,"id_dependencia":1,"id_cargo":1,"id_nivel":6}','2026-03-02 23:47:21');
INSERT INTO auditoria_usuarios VALUES(3,3,4,'CREAR_USUARIO','{"username":"caritoalqui","id_rol":4,"id_dependencia":1,"id_cargo":2,"id_nivel":3}','2026-03-02 23:49:23');
INSERT INTO auditoria_usuarios VALUES(4,1,5,'CREAR_USUARIO','{"username":"pepitoperez","id_rol":5,"id_dependencia":1,"id_cargo":2,"id_nivel":3}','2026-03-04 20:17:21');
INSERT INTO auditoria_usuarios VALUES(5,1,4,'EDITAR_USUARIO','{"email":"caritoalqui@gmail.com","id_dependencia":2,"id_rol":4,"id_cargo":2,"id_nivel":3,"estado":1,"bloqueado":0,"password_cambiado":false}','2026-03-05 03:26:12');
INSERT INTO auditoria_usuarios VALUES(6,1,3,'EDITAR_USUARIO','{"email":"larsonagon@gmail.com","id_dependencia":1,"id_rol":1,"id_cargo":1,"id_nivel":6,"estado":1,"bloqueado":0,"password_cambiado":true}','2026-03-06 00:53:01');
INSERT INTO auditoria_usuarios VALUES(7,1,1,'EDITAR_USUARIO','{"email":"super@sipad.local","id_dependencia":1,"id_rol":1,"id_cargo":1,"id_nivel":1,"estado":1,"bloqueado":0,"password_cambiado":false}','2026-03-06 01:41:57');
INSERT INTO auditoria_usuarios VALUES(8,1,3,'EDITAR_USUARIO','{"email":"larsonagon@gmail.com","id_dependencia":1,"id_rol":1,"id_cargo":1,"id_nivel":6,"estado":1,"bloqueado":0,"password_cambiado":false}','2026-03-06 01:42:13');
INSERT INTO auditoria_usuarios VALUES(9,1,3,'EDITAR_USUARIO','{"email":"larsonagon@gmail.com","id_dependencia":2,"id_rol":1,"id_cargo":1,"id_nivel":6,"estado":1,"bloqueado":0,"password_cambiado":false}','2026-03-06 01:42:22');
INSERT INTO auditoria_usuarios VALUES(10,1,3,'EDITAR_USUARIO','{"email":"larsonagon@gmail.com","id_dependencia":1,"id_rol":1,"id_cargo":1,"id_nivel":6,"estado":1,"bloqueado":0,"password_cambiado":false}','2026-03-06 01:42:28');
INSERT INTO auditoria_usuarios VALUES(11,1,1,'CAMBIAR_PASSWORD','{"self_service":true}','2026-03-10 13:19:34');
INSERT INTO auditoria_usuarios VALUES(12,1,5,'EDITAR_USUARIO','{"email":"pepito@gmail.com","id_dependencia":3,"id_rol":5,"id_cargo":2,"id_nivel":3,"estado":1,"bloqueado":0,"password_cambiado":false}','2026-03-10 21:41:37');
INSERT INTO auditoria_usuarios VALUES(13,1,3,'EDITAR_USUARIO','{"email":"larsonagon@gmail.com","id_dependencia":1,"id_rol":1,"id_cargo":1,"id_nivel":1,"estado":1,"bloqueado":0,"password_cambiado":true}','2026-03-11 03:59:42');
INSERT INTO auditoria_usuarios VALUES(14,3,4,'EDITAR_USUARIO','{"email":"caritoalqui@gmail.com","id_dependencia":2,"id_rol":4,"id_cargo":2,"id_nivel":3,"estado":1,"bloqueado":0,"password_cambiado":true}','2026-03-11 04:00:20');
INSERT INTO refresh_tokens VALUES(1,1,'65451229-b780-4676-99bb-fd4da57a100f','2026-03-03T02:13:07.648Z',0,'2026-02-24T02:13:07.648Z');
INSERT INTO refresh_tokens VALUES(2,1,'b4e1e416-325a-433c-b7bb-ca1092691600','2026-03-03T02:31:45.122Z',0,'2026-02-24T02:31:45.122Z');
INSERT INTO refresh_tokens VALUES(3,1,'911152a5-3f31-4f69-8c70-686b1a852fec','2026-03-03T02:53:17.013Z',0,'2026-02-24T02:53:17.013Z');
INSERT INTO refresh_tokens VALUES(4,1,'4772e5a9-3804-4976-bd82-0f77600aeff8','2026-03-03T02:55:11.276Z',0,'2026-02-24T02:55:11.276Z');
INSERT INTO refresh_tokens VALUES(5,1,'cd925ceb-60e2-4a03-abb4-d9348b3dfcd7','2026-03-03T03:53:52.667Z',0,'2026-02-24T03:53:52.667Z');
INSERT INTO refresh_tokens VALUES(6,1,'8e4f795e-d6b7-4f8e-a8cb-d64c24767eb8','2026-03-03T03:55:07.676Z',0,'2026-02-24T03:55:07.676Z');
INSERT INTO refresh_tokens VALUES(7,1,'41a63b2e-41d9-41be-ba90-fc8f857b9aaa','2026-03-03T04:11:11.385Z',0,'2026-02-24T04:11:11.385Z');
INSERT INTO refresh_tokens VALUES(8,1,'19bbf061-2a3f-4f42-86ce-0f3c09796515','2026-03-03T04:20:17.173Z',0,'2026-02-24T04:20:17.173Z');
INSERT INTO refresh_tokens VALUES(9,1,'fa101c69-10a8-4530-8787-7cb148eb3619','2026-03-03T04:38:36.895Z',0,'2026-02-24T04:38:36.895Z');
INSERT INTO refresh_tokens VALUES(10,1,'4b82e3eb-70c9-4695-8b78-fcb1cbeb15b5','2026-03-03T04:41:25.782Z',0,'2026-02-24T04:41:25.782Z');
INSERT INTO refresh_tokens VALUES(11,1,'03f14b0e-8f02-454b-bf63-4c342c941128','2026-03-03T05:15:48.723Z',0,'2026-02-24T05:15:48.723Z');
INSERT INTO refresh_tokens VALUES(12,1,'0951cb48-af29-411c-b617-da32f88b63a7','2026-03-03T12:40:25.401Z',0,'2026-02-24T12:40:25.401Z');
INSERT INTO refresh_tokens VALUES(13,1,'71542d74-5ecc-423a-ab57-7ce9092d5a11','2026-03-03T12:53:02.248Z',0,'2026-02-24T12:53:02.248Z');
INSERT INTO refresh_tokens VALUES(14,1,'94830b17-fe9e-45b6-a47b-846097855a25','2026-03-03T16:36:59.821Z',0,'2026-02-24T16:36:59.821Z');
INSERT INTO refresh_tokens VALUES(15,1,'5c1eab4f-efc5-424d-8b47-924b902231e7','2026-03-03T17:16:26.778Z',0,'2026-02-24T17:16:26.778Z');
INSERT INTO refresh_tokens VALUES(16,1,'97b3b658-9758-4815-b585-24aefba36fc3','2026-03-03T17:17:46.720Z',0,'2026-02-24T17:17:46.720Z');
INSERT INTO refresh_tokens VALUES(17,1,'7f26ded6-fe6f-44c4-97e1-0c634cc63f16','2026-03-03T19:35:11.846Z',0,'2026-02-24T19:35:11.846Z');
INSERT INTO refresh_tokens VALUES(18,1,'3d2f4a2b-bb8a-44ea-ab90-74e01c8dcf47','2026-03-03T20:41:31.869Z',0,'2026-02-24T20:41:31.869Z');
INSERT INTO refresh_tokens VALUES(19,1,'11f9484a-9519-4acc-9313-0fcd8ef71350','2026-03-04T03:12:32.140Z',0,'2026-02-25T03:12:32.140Z');
INSERT INTO refresh_tokens VALUES(20,1,'3c059aba-1810-48e9-bb19-faa1ce2580a8','2026-03-04T15:36:57.114Z',0,'2026-02-25T15:36:57.114Z');
INSERT INTO refresh_tokens VALUES(21,1,'fafb4ba3-8861-4a83-967d-03510bc681ef','2026-03-04T22:24:22.538Z',0,'2026-02-25T22:24:22.538Z');
INSERT INTO refresh_tokens VALUES(22,1,'cf9bbaa4-892e-48b5-9f1c-1ade2c622d11','2026-03-04T22:31:38.954Z',0,'2026-02-25T22:31:38.954Z');
INSERT INTO refresh_tokens VALUES(23,1,'1d38e466-c818-45d3-b3d7-518d7e3f13fb','2026-03-04T22:34:37.301Z',0,'2026-02-25T22:34:37.301Z');
INSERT INTO refresh_tokens VALUES(24,1,'fdb45c9f-0ae0-4708-b359-5cc8ccad7323','2026-03-04T22:48:05.939Z',0,'2026-02-25T22:48:05.939Z');
INSERT INTO refresh_tokens VALUES(25,1,'fa2c6b88-9381-488d-808a-fd8aab15cfea','2026-03-04T22:48:39.455Z',0,'2026-02-25T22:48:39.455Z');
INSERT INTO refresh_tokens VALUES(26,1,'d10a7ad1-ed4c-4622-b55a-e997d774cab4','2026-03-04T22:51:30.511Z',0,'2026-02-25T22:51:30.511Z');
INSERT INTO refresh_tokens VALUES(27,1,'7eea646e-0976-466e-b764-8e9053f9d272','2026-03-07T19:22:40.798Z',0,'2026-02-28T19:22:40.798Z');
INSERT INTO refresh_tokens VALUES(28,1,'75132d73-08ee-4265-997a-8fcc09f035d9','2026-03-07T19:50:23.890Z',0,'2026-02-28T19:50:23.890Z');
INSERT INTO refresh_tokens VALUES(29,1,'d6caad0f-1226-41f3-9a2d-5730b846edf4','2026-03-07T20:55:53.210Z',0,'2026-02-28T20:55:53.210Z');
INSERT INTO refresh_tokens VALUES(30,1,'50363acd-e19f-4351-94ea-382c825fa8a7','2026-03-07T20:56:33.376Z',0,'2026-02-28T20:56:33.376Z');
INSERT INTO refresh_tokens VALUES(31,1,'0aea43f1-e2d8-4aae-9b92-68e10f091646','2026-03-07T21:01:16.542Z',0,'2026-02-28T21:01:16.542Z');
INSERT INTO refresh_tokens VALUES(32,1,'761379a2-c26b-4c70-9092-b232ab7faf9f','2026-03-07T22:33:16.849Z',0,'2026-02-28T22:33:16.849Z');
INSERT INTO refresh_tokens VALUES(33,1,'64ad0a6e-99cb-4096-a1a5-fd3484505cb2','2026-03-07T22:33:53.490Z',0,'2026-02-28T22:33:53.490Z');
INSERT INTO refresh_tokens VALUES(34,1,'073065f8-dd86-4db1-b5df-091a7fd220ef','2026-03-07T22:41:05.709Z',0,'2026-02-28T22:41:05.709Z');
INSERT INTO refresh_tokens VALUES(35,1,'28af7c40-cf7a-45f8-a58d-9bd1b618a3a9','2026-03-07T22:42:50.939Z',0,'2026-02-28T22:42:50.939Z');
INSERT INTO refresh_tokens VALUES(36,1,'d749859e-b349-44d6-8c41-441a23f5b0d2','2026-03-07T23:28:00.647Z',0,'2026-02-28T23:28:00.647Z');
INSERT INTO refresh_tokens VALUES(37,1,'7430b63c-d0ad-46db-8193-b463f34c3e8e','2026-03-07T23:58:13.033Z',0,'2026-02-28T23:58:13.033Z');
INSERT INTO refresh_tokens VALUES(38,1,'5eb3c358-5d6f-4b46-bc18-365f83712d75','2026-03-08T00:06:25.952Z',0,'2026-03-01T00:06:25.952Z');
INSERT INTO refresh_tokens VALUES(39,1,'5a9a0783-6a13-43cf-993c-3deeac806731','2026-03-08T00:25:39.135Z',0,'2026-03-01T00:25:39.135Z');
INSERT INTO refresh_tokens VALUES(40,1,'57dbcccd-da2b-4b2a-922d-355113f5a00e','2026-03-08T02:42:06.995Z',0,'2026-03-01T02:42:06.995Z');
INSERT INTO refresh_tokens VALUES(41,1,'d529c4f6-06d2-4b0b-9358-1609edb4ce5a','2026-03-08T15:12:08.471Z',0,'2026-03-01T15:12:08.471Z');
INSERT INTO refresh_tokens VALUES(42,1,'195bdccb-d100-46a1-868d-1abd44130b48','2026-03-08T16:45:25.587Z',0,'2026-03-01T16:45:25.587Z');
INSERT INTO refresh_tokens VALUES(43,1,'4660aa48-c5d5-40f0-9b51-1d014e38115e','2026-03-09T13:18:23.184Z',0,'2026-03-02T13:18:23.184Z');
INSERT INTO refresh_tokens VALUES(44,1,'a0ff1c6c-4254-4dd3-9af8-808b0fdf4afc','2026-03-09T23:41:19.228Z',0,'2026-03-02T23:41:19.228Z');
INSERT INTO refresh_tokens VALUES(45,1,'cb936bc7-b9dc-4c14-9e48-af204e2bf057','2026-03-09T23:46:41.799Z',0,'2026-03-02T23:46:41.799Z');
INSERT INTO refresh_tokens VALUES(46,3,'75348669-56b5-4b9b-9d03-d21416271f35','2026-03-09T23:47:42.732Z',0,'2026-03-02T23:47:42.732Z');
INSERT INTO refresh_tokens VALUES(47,4,'2011c441-9ce6-4f4d-a255-f547e22bbb23','2026-03-09T23:49:37.629Z',0,'2026-03-02T23:49:37.629Z');
INSERT INTO refresh_tokens VALUES(48,1,'2da72472-7989-42cf-aca5-ffa9e6de28f7','2026-03-09T23:50:04.856Z',0,'2026-03-02T23:50:04.856Z');
INSERT INTO refresh_tokens VALUES(49,4,'2370a822-7a65-4380-bc26-377b12df8871','2026-03-10T00:04:20.091Z',0,'2026-03-03T00:04:20.091Z');
INSERT INTO refresh_tokens VALUES(50,1,'0630a5c0-4e2b-4d84-be8f-979334b0471d','2026-03-10T00:07:04.498Z',0,'2026-03-03T00:07:04.498Z');
INSERT INTO refresh_tokens VALUES(51,1,'ecfbda50-b318-4f49-b308-b890ae2fb6a1','2026-03-10T00:22:13.346Z',0,'2026-03-03T00:22:13.346Z');
INSERT INTO refresh_tokens VALUES(52,1,'39f309f2-f685-479e-bef2-a192852aadcc','2026-03-10T01:37:23.515Z',0,'2026-03-03T01:37:23.515Z');
INSERT INTO refresh_tokens VALUES(53,1,'ec70ad6d-f7b8-4e64-9411-649df45641d2','2026-03-10T12:56:46.607Z',0,'2026-03-03T12:56:46.607Z');
INSERT INTO refresh_tokens VALUES(54,1,'8dd5a4b3-999f-4014-aa47-bc8d2558e798','2026-03-10T12:59:03.821Z',0,'2026-03-03T12:59:03.821Z');
INSERT INTO refresh_tokens VALUES(55,1,'cf85d363-9e62-408d-9800-51644044a5d5','2026-03-10T13:13:02.748Z',0,'2026-03-03T13:13:02.748Z');
INSERT INTO refresh_tokens VALUES(56,1,'14384dcf-633b-495a-ad9b-97515188c60f','2026-03-10T13:14:38.527Z',0,'2026-03-03T13:14:38.527Z');
INSERT INTO refresh_tokens VALUES(57,1,'faa26413-0311-4325-bae5-9ee05b62a4cf','2026-03-10T13:45:21.424Z',0,'2026-03-03T13:45:21.424Z');
INSERT INTO refresh_tokens VALUES(58,1,'ca6df1a3-5a25-4644-bda3-b4908a50c1a5','2026-03-10T20:13:32.502Z',0,'2026-03-03T20:13:32.502Z');
INSERT INTO refresh_tokens VALUES(59,1,'d2e7cb23-5e79-43d7-b313-23206db47356','2026-03-10T22:02:28.992Z',0,'2026-03-03T22:02:28.992Z');
INSERT INTO refresh_tokens VALUES(60,1,'5b2ba8e2-f597-45d7-8f67-4f0f84f44250','2026-03-10T23:08:31.646Z',0,'2026-03-03T23:08:31.646Z');
INSERT INTO refresh_tokens VALUES(61,1,'1071b337-655a-4933-b1b9-12fc2b1375cc','2026-03-11T01:04:29.336Z',0,'2026-03-04T01:04:29.336Z');
INSERT INTO refresh_tokens VALUES(62,1,'26384cbf-8655-46c2-8c34-c214cb12e795','2026-03-11T01:17:58.219Z',0,'2026-03-04T01:17:58.219Z');
INSERT INTO refresh_tokens VALUES(63,1,'9b450f0c-5b3c-4517-93a5-60189e69c70b','2026-03-11T02:09:42.064Z',0,'2026-03-04T02:09:42.064Z');
INSERT INTO refresh_tokens VALUES(64,1,'f3123767-66bd-42d9-979b-5163e38bdc33','2026-03-11T03:25:54.691Z',0,'2026-03-04T03:25:54.691Z');
INSERT INTO refresh_tokens VALUES(65,1,'084550d0-a5da-468c-9f7b-cce01de61832','2026-03-11T03:52:16.570Z',0,'2026-03-04T03:52:16.570Z');
INSERT INTO refresh_tokens VALUES(66,1,'af1fcaef-5fb7-481a-aed1-60efb3479623','2026-03-11T17:28:13.068Z',0,'2026-03-04T17:28:13.068Z');
INSERT INTO refresh_tokens VALUES(67,1,'e22fe8a9-2519-406c-896b-f2728948b623','2026-03-11T18:11:54.610Z',0,'2026-03-04T18:11:54.610Z');
INSERT INTO refresh_tokens VALUES(68,1,'4d72d05a-ff16-405a-885a-91405a3da856','2026-03-11T18:44:27.645Z',0,'2026-03-04T18:44:27.645Z');
INSERT INTO refresh_tokens VALUES(69,5,'a378469b-7298-4185-bc48-8edf7ba906fe','2026-03-11T20:17:31.926Z',0,'2026-03-04T20:17:31.926Z');
INSERT INTO refresh_tokens VALUES(70,1,'2b53385d-c552-4c08-a45c-c531c7d313a6','2026-03-11T20:19:07.985Z',0,'2026-03-04T20:19:07.985Z');
INSERT INTO refresh_tokens VALUES(71,1,'a60dc505-799c-4d3d-b9f1-0aa130082efd','2026-03-11T20:41:58.925Z',0,'2026-03-04T20:41:58.925Z');
INSERT INTO refresh_tokens VALUES(72,1,'7501848c-f782-4831-a310-7409afdca58a','2026-03-11T20:49:28.704Z',0,'2026-03-04T20:49:28.704Z');
INSERT INTO refresh_tokens VALUES(73,1,'bec1bf1e-88a7-40dc-b468-a42c117526d6','2026-03-11T20:52:26.008Z',0,'2026-03-04T20:52:26.008Z');
INSERT INTO refresh_tokens VALUES(74,1,'7dbb6bfb-0b1d-4c5a-8b09-5faab1c0fedf','2026-03-11T20:52:59.312Z',0,'2026-03-04T20:52:59.312Z');
INSERT INTO refresh_tokens VALUES(75,1,'d18be9a4-ab67-4a4f-ad0f-c0350b76a3b7','2026-03-11T20:54:03.225Z',0,'2026-03-04T20:54:03.225Z');
INSERT INTO refresh_tokens VALUES(76,1,'f16286c8-c57b-4a61-b06a-f255eee4bbf7','2026-03-11T20:55:47.117Z',0,'2026-03-04T20:55:47.117Z');
INSERT INTO refresh_tokens VALUES(77,1,'3d664565-3c71-40d3-8a5f-4718931b0033','2026-03-11T20:57:21.729Z',0,'2026-03-04T20:57:21.729Z');
INSERT INTO refresh_tokens VALUES(78,1,'7ed8f7d8-a194-4db4-b3ac-1270529c4c2c','2026-03-11T21:00:20.725Z',0,'2026-03-04T21:00:20.725Z');
INSERT INTO refresh_tokens VALUES(79,1,'045ac026-68d8-422e-b20b-1701c6d66b75','2026-03-11T21:00:58.509Z',0,'2026-03-04T21:00:58.509Z');
INSERT INTO refresh_tokens VALUES(80,1,'8921bad1-c91e-45e1-93a2-d1d6e0092f5f','2026-03-11T21:04:34.058Z',0,'2026-03-04T21:04:34.058Z');
INSERT INTO refresh_tokens VALUES(81,1,'a56bc795-6400-4440-b66f-6f80572eb1fd','2026-03-11T21:08:52.751Z',0,'2026-03-04T21:08:52.751Z');
INSERT INTO refresh_tokens VALUES(82,1,'ceb9b473-b55c-41b5-b240-81b5b60f6354','2026-03-11T21:48:50.226Z',0,'2026-03-04T21:48:50.226Z');
INSERT INTO refresh_tokens VALUES(83,5,'2c2f5ab2-73c3-4013-b3b3-55b8c559c7f7','2026-03-11T21:56:51.085Z',0,'2026-03-04T21:56:51.085Z');
INSERT INTO refresh_tokens VALUES(84,1,'6caea5c6-2b0a-4f5f-9d14-02d35726c01d','2026-03-11T22:00:53.570Z',0,'2026-03-04T22:00:53.570Z');
INSERT INTO refresh_tokens VALUES(85,1,'0f74a1d5-d4cb-44f1-ab52-e68240bfcf36','2026-03-11T22:25:55.243Z',0,'2026-03-04T22:25:55.243Z');
INSERT INTO refresh_tokens VALUES(86,1,'61a81bc7-487c-4e13-9171-5b37a6ebdff4','2026-03-12T01:20:19.681Z',0,'2026-03-05T01:20:19.681Z');
INSERT INTO refresh_tokens VALUES(87,1,'16ce9517-8d14-4c14-b966-2fdb4501532d','2026-03-12T03:43:15.894Z',0,'2026-03-05T03:43:15.894Z');
INSERT INTO refresh_tokens VALUES(88,1,'a991e32c-0454-459d-9e1d-32e22610f6cb','2026-03-12T13:07:04.652Z',0,'2026-03-05T13:07:04.652Z');
INSERT INTO refresh_tokens VALUES(89,1,'055d129d-f7b7-4a36-8ce3-b70757945299','2026-03-12T21:14:42.111Z',0,'2026-03-05T21:14:42.111Z');
INSERT INTO refresh_tokens VALUES(90,3,'d7593363-e3b0-4eaa-bf07-5dcd0441637e','2026-03-13T00:53:11.503Z',0,'2026-03-06T00:53:11.503Z');
INSERT INTO refresh_tokens VALUES(91,1,'57e3fa53-e6c6-428f-a4e7-455ffa30185e','2026-03-13T00:53:21.984Z',0,'2026-03-06T00:53:21.984Z');
INSERT INTO refresh_tokens VALUES(92,1,'7b7ff228-120f-47ee-a04c-7b4c4afe5cb5','2026-03-13T02:55:08.088Z',0,'2026-03-06T02:55:08.088Z');
INSERT INTO refresh_tokens VALUES(93,1,'36db1067-e829-4747-8711-85d43768c123','2026-03-13T03:05:34.067Z',0,'2026-03-06T03:05:34.067Z');
INSERT INTO refresh_tokens VALUES(94,1,'1ec18e03-1c38-4a5f-ae17-20d6475cf314','2026-03-13T19:56:14.518Z',0,'2026-03-06T19:56:14.518Z');
INSERT INTO refresh_tokens VALUES(95,1,'7b1b5a1b-04c3-43df-b753-ac2073f924ad','2026-03-16T21:11:33.770Z',0,'2026-03-09T21:11:33.770Z');
INSERT INTO refresh_tokens VALUES(96,1,'073a243e-3651-452c-b916-f1a8136cfe32','2026-03-16T22:23:25.889Z',0,'2026-03-09T22:23:25.889Z');
INSERT INTO refresh_tokens VALUES(97,1,'65d7b710-646d-42bf-894d-1e6400e63fae','2026-03-17T03:32:52.416Z',0,'2026-03-10T03:32:52.416Z');
INSERT INTO refresh_tokens VALUES(98,1,'3c149bd2-5c62-44b6-bd5f-dcdd73745e12','2026-03-17T13:03:46.635Z',0,'2026-03-10T13:03:46.635Z');
INSERT INTO refresh_tokens VALUES(99,1,'2b422159-686e-4f8c-aa7f-65ebe9502949','2026-03-17T13:19:50.922Z',0,'2026-03-10T13:19:50.922Z');
INSERT INTO refresh_tokens VALUES(100,1,'bf70da65-07ae-4c88-a755-3d2a62494893','2026-03-17T18:30:35.061Z',0,'2026-03-10T18:30:35.061Z');
INSERT INTO refresh_tokens VALUES(101,1,'13693578-bdbf-4ca2-82fc-5fc4612cfe50','2026-03-17T23:46:29.287Z',0,'2026-03-10T23:46:29.287Z');
INSERT INTO refresh_tokens VALUES(102,1,'d2abe3eb-35ae-4829-ae01-e524eac21ff2','2026-03-17T23:57:21.479Z',0,'2026-03-10T23:57:21.479Z');
INSERT INTO refresh_tokens VALUES(103,1,'c7318d79-1721-4e6a-89de-51b5de107d19','2026-03-18T03:59:04.730Z',0,'2026-03-11T03:59:04.730Z');
INSERT INTO refresh_tokens VALUES(104,3,'d5d7d3af-7aa1-492c-836b-4554af8e8b05','2026-03-18T03:59:56.311Z',0,'2026-03-11T03:59:56.311Z');
INSERT INTO refresh_tokens VALUES(105,4,'7e120a5f-964e-41b5-8473-7031aceb71eb','2026-03-18T04:00:35.071Z',0,'2026-03-11T04:00:35.071Z');
INSERT INTO refresh_tokens VALUES(106,1,'d4fc94af-6a6d-4f40-9a7a-4059fa497e0e','2026-03-18T04:03:41.369Z',0,'2026-03-11T04:03:41.369Z');
INSERT INTO refresh_tokens VALUES(107,1,'8a68cfdc-f85a-41a1-b05e-68952c4780c4','2026-03-19T00:30:20.467Z',0,'2026-03-12T00:30:20.467Z');
INSERT INTO auditoria_roles VALUES(1,1,3,'EDITAR_ROL','{"nombre":"Archivista"}','2026-03-04 20:05:27');
INSERT INTO auditoria_roles VALUES(2,1,3,'EDITAR_ROL','{"nombre":"Archivista"}','2026-03-04 20:05:36');
INSERT INTO auditoria_roles VALUES(3,1,5,'EDITAR_ROL','{"nombre":"Técnico"}','2026-03-04 20:06:16');
INSERT INTO auditoria_roles VALUES(4,1,6,'EDITAR_ROL','{"nombre":"Auxiliar"}','2026-03-04 20:06:24');
INSERT INTO auditoria_roles VALUES(5,1,4,'EDITAR_ROL','{"nombre":"Profesional"}','2026-03-04 20:07:00');
INSERT INTO auditoria_roles VALUES(6,1,4,'EDITAR_ROL','{"nombre":"Profesional 1"}','2026-03-04 20:07:27');
INSERT INTO auditoria_roles VALUES(7,1,5,'EDITAR_ROL','{"nombre":"Profesional 2"}','2026-03-04 20:07:40');
INSERT INTO auditoria_roles VALUES(8,1,6,'EDITAR_ROL','{"nombre":"Técnico"}','2026-03-04 20:07:47');
INSERT INTO auditoria_roles VALUES(9,1,6,'EDITAR_ROL','{"nombre":"Técnico"}','2026-03-04 20:07:52');
INSERT INTO auditoria_dependencias VALUES(1,1,1,'EDITAR_DEPENDENCIA','{"nombre":"Dirección"}','2026-02-24 04:27:09');
INSERT INTO auditoria_dependencias VALUES(2,1,1,'EDITAR_DEPENDENCIA','{"nombre":"Despacho alcalde"}','2026-03-04 02:40:46');
INSERT INTO auditoria_dependencias VALUES(3,1,2,'CREAR_DEPENDENCIA','{"nombre":"Oficina jurídica"}','2026-03-04 02:40:56');
INSERT INTO auditoria_dependencias VALUES(4,1,3,'CREAR_DEPENDENCIA','{"nombre":"Oficina de control interno"}','2026-03-04 02:41:09');
INSERT INTO auditoria_dependencias VALUES(5,1,4,'CREAR_DEPENDENCIA','{"nombre":"Secretaría de gobierno"}','2026-03-04 02:41:17');
INSERT INTO entidades VALUES(1,'Entidad Demo','demo',NULL,1,'2026-02-24 02:06:06');
INSERT INTO configuracion_entidad VALUES(1,1,'SIPAD Institucional',NULL,'#1E3A8A','#3B82F6','#0F172A','Plataforma SaaS SIPAD','2026-02-24 02:06:06');
INSERT INTO series VALUES('SER_ACTAS','trd_001',NULL,NULL,'ACTAS',NULL,NULL,NULL,NULL);
INSERT INTO series VALUES('SER_CONTRATOS','trd_001',NULL,NULL,'CONTRATOS',NULL,NULL,NULL,NULL);
INSERT INTO series VALUES('SER_CONVENIOS','trd_001',NULL,NULL,'CONVENIOS',NULL,NULL,NULL,NULL);
INSERT INTO series VALUES('SER_ACTOS_ADMIN','trd_001',NULL,NULL,'ACTOS ADMINISTRATIVOS',NULL,NULL,NULL,NULL);
INSERT INTO series VALUES('SER_INFORMES','trd_001',NULL,NULL,'INFORMES',NULL,NULL,NULL,NULL);
INSERT INTO series VALUES('SER_PROCESOS','trd_001',NULL,NULL,'PROCESOS',NULL,NULL,NULL,NULL);
INSERT INTO series VALUES('SER_PLANES','trd_001',NULL,NULL,'PLANES',NULL,NULL,NULL,NULL);
INSERT INTO series VALUES('SER_PROGRAMAS','trd_001',NULL,NULL,'PROGRAMAS',NULL,NULL,NULL,NULL);
INSERT INTO series VALUES('SER_INVENTARIOS','trd_001',NULL,NULL,'INVENTARIOS',NULL,NULL,NULL,NULL);
INSERT INTO series VALUES('SER_HISTORIAS','trd_001',NULL,NULL,'HISTORIAS',NULL,NULL,NULL,NULL);
INSERT INTO series VALUES('SER_PQRS','trd_001',NULL,NULL,'PQRS',NULL,NULL,NULL,NULL);
INSERT INTO series VALUES('SER_ACCIONES_CONST','trd_001',NULL,NULL,'ACCIONES CONSTITUCIONALES',NULL,NULL,NULL,NULL);
INSERT INTO series VALUES('SER_REGISTROS','trd_001',NULL,NULL,'REGISTROS',NULL,NULL,NULL,NULL);
INSERT INTO subseries VALUES('SUB_ACTAS_REUNION','SER_ACTAS','Actas de reunión',NULL,NULL,NULL,NULL);
INSERT INTO subseries VALUES('SUB_ACTAS_COMITE','SER_ACTAS','Actas de comité',NULL,NULL,NULL,NULL);
INSERT INTO subseries VALUES('SUB_ACTAS_CONSEJO','SER_ACTAS','Actas de consejo',NULL,NULL,NULL,NULL);
INSERT INTO subseries VALUES('SUB_CONTRATO_PS','SER_CONTRATOS','Contratos de prestación de servicios',NULL,NULL,NULL,NULL);
INSERT INTO subseries VALUES('SUB_CONTRATO_OBRA','SER_CONTRATOS','Contratos de obra',NULL,NULL,NULL,NULL);
INSERT INTO subseries VALUES('SUB_CONTRATO_SUM','SER_CONTRATOS','Contratos de suministro',NULL,NULL,NULL,NULL);
INSERT INTO subseries VALUES('SUB_CONTRATO_CONSULT','SER_CONTRATOS','Contratos de consultoría',NULL,NULL,NULL,NULL);
INSERT INTO subseries VALUES('SUB_CONV_INTER','SER_CONVENIOS','Convenios interadministrativos',NULL,NULL,NULL,NULL);
INSERT INTO subseries VALUES('SUB_CONV_COOP','SER_CONVENIOS','Convenios de cooperación',NULL,NULL,NULL,NULL);
INSERT INTO subseries VALUES('SUB_DECRETOS','SER_ACTOS_ADMIN','Decretos',NULL,NULL,NULL,NULL);
INSERT INTO subseries VALUES('SUB_RESOLUCIONES','SER_ACTOS_ADMIN','Resoluciones',NULL,NULL,NULL,NULL);
INSERT INTO subseries VALUES('SUB_ACUERDOS','SER_ACTOS_ADMIN','Acuerdos',NULL,NULL,NULL,NULL);
INSERT INTO subseries VALUES('SUB_CIRCULARES','SER_ACTOS_ADMIN','Circulares',NULL,NULL,NULL,NULL);
INSERT INTO subseries VALUES('SUB_INF_GESTION','SER_INFORMES','Informes de gestión',NULL,NULL,NULL,NULL);
INSERT INTO subseries VALUES('SUB_INF_TECNICOS','SER_INFORMES','Informes técnicos',NULL,NULL,NULL,NULL);
INSERT INTO subseries VALUES('SUB_INF_CONTROL','SER_INFORMES','Informes a entes de control',NULL,NULL,NULL,NULL);
INSERT INTO subseries VALUES('SUB_HIST_LAB','SER_HISTORIAS','Historias laborales',NULL,NULL,NULL,NULL);
INSERT INTO subseries VALUES('SUB_HIST_CLIN','SER_HISTORIAS','Historias clínicas',NULL,NULL,NULL,NULL);
INSERT INTO subseries VALUES('SUB_HIST_EQUIP','SER_HISTORIAS','Historias de equipos',NULL,NULL,NULL,NULL);
INSERT INTO subseries VALUES('SUB_PETICIONES','SER_PQRS','Peticiones',NULL,NULL,NULL,NULL);
INSERT INTO subseries VALUES('SUB_QUEJAS','SER_PQRS','Quejas',NULL,NULL,NULL,NULL);
INSERT INTO subseries VALUES('SUB_RECLAMOS','SER_PQRS','Reclamos',NULL,NULL,NULL,NULL);
INSERT INTO subseries VALUES('SUB_SUGERENCIAS','SER_PQRS','Sugerencias',NULL,NULL,NULL,NULL);
INSERT INTO subseries VALUES('SUB_TUTELA','SER_ACCIONES_CONST','Acciones de tutela',NULL,NULL,NULL,NULL);
INSERT INTO subseries VALUES('SUB_POPULAR','SER_ACCIONES_CONST','Acciones populares',NULL,NULL,NULL,NULL);
INSERT INTO subseries VALUES('SUB_CUMPLIMIENTO','SER_ACCIONES_CONST','Acciones de cumplimiento',NULL,NULL,NULL,NULL);
INSERT INTO subseries VALUES('SUB_REG_CORR_REC','SER_REGISTROS','Registro de correspondencia recibida',NULL,NULL,NULL,NULL);
INSERT INTO subseries VALUES('SUB_REG_CORR_ENV','SER_REGISTROS','Registro de correspondencia enviada',NULL,NULL,NULL,NULL);
INSERT INTO trd_reglas_retencion VALUES('af8f7461-f431-4a19-bf06-7f27f84835e1','08eda0f2-3707-46de-9a32-1f7b42c0fe73',NULL,NULL,'eliminacion',NULL,NULL,'2026-03-11T03:45:20.937Z','manual',NULL,NULL);
INSERT INTO trd_reglas_retencion VALUES('fb11a670-5f0f-43f3-86c6-6dbc1d66f9c4','75e822a6-c0bb-4aed-ad06-249e894677b3',NULL,NULL,'eliminacion',NULL,NULL,'2026-03-11T03:52:28.265Z','manual',NULL,NULL);
INSERT INTO trd_reglas_retencion VALUES('1949897b-2bf4-48eb-8c4b-13b2d43fc89e','74f8f5fc-a3c0-4651-9bde-740463067435',NULL,NULL,'eliminacion',NULL,NULL,'2026-03-11T03:57:16.431Z','manual',2,3);
INSERT INTO segtec_configuracion_dependencia VALUES('619d3c8c-6f25-4033-bf44-44fd47b8fff3',1,1,0,'direccion','operativo',1,1,1,'Prueba','Prueba','Prueba','["actos_administrativos","informes_tecnicos","comunicaciones_oficiales","conceptos"]','Prueba','Prueba',1,'2026-02-24T02:15:46.617Z');
INSERT INTO segtec_configuracion_dependencia VALUES('552ec1f4-34fa-4644-be2d-d70c3f00a38d',1,2,0,'misional','operativo',1,1,1,'Prueba','Prueba','Prueba','["actos_administrativos","informes_tecnicos","comunicaciones_oficiales","conceptos"]','Prueba','Prueba',1,'2026-02-24T02:44:29.165Z');
INSERT INTO segtec_configuracion_dependencia VALUES('0759bc4a-88e9-41c2-b1c5-988e48684eae',1,3,0,'apoyo','operativo',1,1,1,'Prueba','Prueba','Prueba','["actos_administrativos","informes_tecnicos","comunicaciones_oficiales","conceptos"]','Prueba','Prueba',1,'2026-02-24T02:47:37.468Z');
INSERT INTO segtec_configuracion_dependencia VALUES('5b64e71a-2cb4-41cc-85d7-de5d58ee7050',1,4,0,'misional','operativo',1,0,0,'Prueba','Prueba','Prueba','["actos_administrativos"]','Prueba','Prueba',1,'2026-03-03T13:09:17.552Z');
INSERT INTO segtec_configuracion_dependencia VALUES('9cffc13c-dd25-4014-a66b-93ce4f4f74b9',1,5,0,'apoyo','operativo',1,0,0,'Prueba','Prueba','Prueba','["actos_administrativos"]','Prueba','Prueba',1,'2026-03-03T23:08:43.458Z');
INSERT INTO segtec_configuracion_dependencia VALUES('9c255d50-da1b-46de-9ad6-4c1d91aae286',1,6,0,'misional','operativo',1,0,0,'Prueba','Prueba','Prueba','["actos_administrativos"]','Prueba','Prueba',1,'2026-03-04T03:03:09.083Z');
INSERT INTO segtec_configuracion_dependencia VALUES('0ed4413c-3047-4514-b744-4ff51509886c',1,7,0,'misional','operativo',1,0,0,'Prueba','Prueba','Prueba','["actos_administrativos","informes_tecnicos"]','Prueba','Prueba',1,'2026-03-04T04:05:16.487Z');
INSERT INTO segtec_configuracion_dependencia VALUES('fca6fae2-e84c-4651-9bca-1ae23242325d',1,8,0,'apoyo','operativo',1,0,0,'Prueba','Prueba','Prueba','["actos_administrativos","informes_tecnicos"]','Prueba','Prueba',1,'2026-03-10T18:53:20.810Z');
INSERT INTO segtec_configuracion_dependencia VALUES('23f0127a-ef24-4894-bf65-cc11e1237ff0',1,9,1,'apoyo','operativo',1,1,1,'Prueba','Prueba','Prueba','["actos_administrativos","informes_tecnicos"]','Prueba','Prueba',1,'2026-03-10T19:21:13.657Z');
INSERT INTO segtec_configuracion_dependencia VALUES('18474943-63a7-4054-a272-73173ec67d1e',2,1,1,'apoyo','directivo',1,1,1,'Contratación, procesos jurídicos, respuesta a derechos de petición.',unistr('Contratos\u000aAcciones constitucionales\u000aDerechos de petición'),'Acciones constitucionales','["actos_administrativos","informes_tecnicos","comunicaciones_oficiales","conceptos","contratos","expedientes_administrativos"]','Ninguno','N/A',4,'2026-03-11T04:03:12.496Z');
INSERT INTO segtec_formularios VALUES('a3b88190-4d6d-47fc-906f-e05230f127cd',1,1,NULL,'en_proceso',1,'2026-02-24T03:00:38.386Z','2026-02-24T03:00:38.386Z','2026-02-24T03:00:38.386Z','2026-02-24T03:00:38.386Z');
INSERT INTO segtec_formularios VALUES('96f2d3b0-40f0-4660-a979-20efcc0df8b1',1,2,NULL,'en_proceso',1,'2026-02-24T03:03:52.344Z','2026-02-24T03:03:52.344Z','2026-02-24T03:03:52.344Z','2026-02-24T03:03:52.344Z');
INSERT INTO segtec_formularios VALUES('d61cc9f2-b893-4d7f-800f-a94ace1cd8d9',1,3,NULL,'en_proceso',1,'2026-02-24T03:04:48.368Z','2026-02-24T03:04:48.368Z','2026-02-24T03:04:48.368Z','2026-02-24T03:04:48.368Z');
INSERT INTO segtec_formularios VALUES('ca45b7a4-b25e-4eab-bfca-8798da4e66bb',1,4,NULL,'en_proceso',1,'2026-02-24T03:11:41.500Z','2026-02-24T03:11:41.500Z','2026-02-24T03:11:41.500Z','2026-02-24T03:11:41.500Z');
INSERT INTO segtec_formularios VALUES('8ecf8965-2d94-44ca-a83a-26ce488f4a82',1,5,NULL,'en_proceso',1,'2026-02-24T03:12:11.611Z','2026-02-24T03:12:11.611Z','2026-02-24T03:12:11.611Z','2026-02-24T03:12:11.611Z');
INSERT INTO segtec_formularios VALUES('f3d5a63e-3db2-4a1f-a21a-4da9e00bd688',1,6,NULL,'en_proceso',1,'2026-02-24T03:13:01.848Z','2026-02-24T03:13:01.848Z','2026-02-24T03:13:01.848Z','2026-02-24T03:13:01.848Z');
INSERT INTO segtec_formularios VALUES('59bc1b5d-2137-492b-be3b-70097a5fb214',1,7,NULL,'en_proceso',1,'2026-02-24T03:27:09.885Z','2026-02-24T03:27:09.885Z','2026-02-24T03:27:09.885Z','2026-02-24T03:27:09.885Z');
INSERT INTO segtec_formularios VALUES('78b414cb-4926-44b2-968e-009959e35020',1,8,NULL,'en_proceso',1,'2026-02-24T03:41:45.963Z','2026-02-24T03:41:45.963Z','2026-02-24T03:41:45.963Z','2026-02-24T03:41:45.963Z');
INSERT INTO segtec_formularios VALUES('4d4c703c-6051-450c-9274-10f616cde5a1',1,9,NULL,'en_proceso',1,'2026-02-24T04:06:16.649Z','2026-02-24T04:06:16.649Z','2026-02-24T04:06:16.649Z','2026-02-24T04:06:16.649Z');
INSERT INTO niveles VALUES(1,'Directivo',100,1,'2026-03-01 02:55:13');
INSERT INTO niveles VALUES(2,'Asesor',90,1,'2026-03-01 02:55:13');
INSERT INTO niveles VALUES(3,'Profesional',80,1,'2026-03-01 02:55:13');
INSERT INTO niveles VALUES(4,'Técnico',60,1,'2026-03-01 02:55:13');
INSERT INTO niveles VALUES(5,'Operativo',40,1,'2026-03-01 02:55:13');
INSERT INTO niveles VALUES(6,'Prueba',110,1,'2026-03-01 15:15:43');
INSERT INTO cargos VALUES(1,'Administrador general',1,'2026-03-01 14:52:08');
INSERT INTO cargos VALUES(2,'Profesional universitario',1,'2026-03-01 14:52:08');
INSERT INTO usuarios VALUES(1,'Super Administrador','00000000','super@sipad.local','superadmin','$2b$10$zoW91dEc6qJvx/FdomBtxeKgOtK.wDaz7AwbOZPzsdDn9hrbmq5AW',1,1,1,1,1,0,'2026-02-24 02:06:06',1,0,0);
INSERT INTO usuarios VALUES(3,'Larson Andrés Agón Quiñonez','91181720','larsonagon@gmail.com','larsonagon','$2b$10$SNUCjWmYd1P3WdZlSOn1HePqidW9fMQJ.IHVf.iXbmKqAgzl2WSf6',1,1,1,1,1,0,'2026-03-02 23:47:21',1,0,0);
INSERT INTO usuarios VALUES(4,'Carolina Alvarez Quimbayo','49664954','caritoalqui@gmail.com','caritoalqui','$2b$10$SqssJE/015GD9xI3mMx5PeSyaCIxO8DqjjghHThjRc4LCD1uTwbvy',2,4,2,3,1,0,'2026-03-02 23:49:23',1,0,0);
INSERT INTO usuarios VALUES(5,'Pepito Perez','01010101','pepito@gmail.com','pepitoperez','$2b$10$T3A47KEXl1G2quNTMgzHnewSWA0vwqXgJqS9vTLtJDv0I5TYtGowm',3,5,2,3,1,0,'2026-03-04 20:17:21',1,0,0);
INSERT INTO segtec_actividades VALUES('ACT001','1','Elaboración de informes de gestión institucional','Profesional universitario','misional','trimestral','Consolidación de resultados institucionales.',1,1,1,1,'si','digital','medio','archivo gestión','Ley 594','[1]','caracterizada','2026-03-11 03:29:07','2026-03-11 03:29:07',1,1,3,'PROC-001','Informe de gestión','Archivo gestión','No aplica','5 días','No');
INSERT INTO segtec_actividades VALUES('ACT002','1','Elaboración de informes técnicos especializados','Profesional especializado','misional','mensual','Análisis técnico de procesos institucionales.',1,0,1,1,'si','digital','medio','archivo gestión','Normas técnicas','[1]','caracterizada','2026-03-11 03:29:07','2026-03-11 03:29:07',0,1,3,'PROC-002','Informe técnico','Archivo gestión','No aplica','3 días','No');
INSERT INTO segtec_actividades VALUES('ACT003','2','Expedición de resoluciones administrativas','Asesor jurídico','misional','permanente','Emisión de actos administrativos formales.',1,0,1,1,'si','digital','alto','archivo central','Ley 1437','[2]','caracterizada','2026-03-11 03:29:07','2026-03-11 03:29:07',1,1,4,'PROC-003','Resolución administrativa','Archivo central','10 días','2 días','No');
INSERT INTO segtec_actividades VALUES('ACT004','2','Elaboración de contratos institucionales','Profesional jurídico','misional','permanente','Formalización de contratos institucionales.',1,1,1,1,'si','digital','alto','archivo central','Ley 80','[2]','caracterizada','2026-03-11 03:29:07','2026-03-11 03:29:07',1,1,4,'PROC-004','Contrato; acta inicio','Archivo central','No aplica','7 días','No');
INSERT INTO segtec_actividades VALUES('ACT005','3','Atención de peticiones ciudadanas','Técnico administrativo','misional','permanente','Recepción y trámite de peticiones ciudadanas.',1,0,1,1,'si','digital','alto','archivo gestión','Ley 1755','[3]','caracterizada','2026-03-11 03:29:07','2026-03-11 03:29:07',1,1,5,'PROC-005','Respuesta a petición','Archivo gestión','15 días','2 días','Sí');
INSERT INTO segtec_actividades VALUES('ACT006','3','Trámite de quejas y reclamos','Técnico administrativo','misional','permanente','Gestión de quejas y reclamos ciudadanos.',1,0,1,1,'si','digital','alto','archivo gestión','Ley 1755','[3]','caracterizada','2026-03-11 03:29:07','2026-03-11 03:29:07',1,1,5,'PROC-006','Respuesta a queja','Archivo gestión','15 días','2 días','Sí');
INSERT INTO segtec_actividades VALUES('ACT007','4','Registro de actuaciones administrativas','Secretario','misional','permanente','Registro documental de actuaciones administrativas.',1,0,1,1,'si','digital','alto','archivo central','Normas administrativas','[4]','caracterizada','2026-03-11 03:29:07','2026-03-11 03:29:07',0,1,4,'PROC-007','Registro administrativo','Archivo central','No aplica','1 día','No');
INSERT INTO segtec_actividades VALUES('ACT008','4','Elaboración de memorandos internos','Secretario','misional','permanente','Comunicación administrativa interna.',0,0,1,1,'si','digital','medio','archivo gestión','Normas internas','[4]','caracterizada','2026-03-11 03:29:07','2026-03-11 03:29:07',0,1,4,'PROC-008','Memorando','Archivo gestión','No aplica','1 día','No');
INSERT INTO segtec_actividades VALUES('ACT009','3','Realización de auditorías internas','Auditor','control','semestral','Evaluación del cumplimiento de procesos.',0,0,1,1,'si','digital','alto','archivo central','Normas control interno','[3]','caracterizada','2026-03-11 03:29:07','2026-03-11 03:29:07',1,1,5,'PROC-009','Informe auditoría','Archivo central','No aplica','10 días','No');
INSERT INTO segtec_actividades VALUES('ACT010','1','Elaboración de reportes estadísticos','Analista','misional','mensual','Análisis estadístico institucional.',0,0,1,1,'si','digital','medio','archivo gestión','Normas estadísticas','[1]','caracterizada','2026-03-11 03:29:07','2026-03-11 03:29:07',0,1,3,'PROC-010','Reporte estadístico','Archivo gestión','No aplica','2 días','No');
INSERT INTO trd_series_propuestas VALUES('8ec8b388-677f-4561-be13-f4fba11d4ac1','ACT001','INFORMES','Informes de gestión',NULL,'Propuesta generada automáticamente desde SEG-TEC',0.9000000000000000222,'propuesta',NULL,NULL,NULL,NULL,'2026-03-11T03:31:01.056Z');
INSERT INTO trd_series_propuestas VALUES('5bbe4dd8-0c2c-4527-ae52-7e476a4f4907','ACT002','INFORMES','Informes técnicos',NULL,'Propuesta generada automáticamente desde SEG-TEC',0.9000000000000000222,'aprobada',NULL,'1','2026-03-11T03:36:23.387Z',NULL,'2026-03-11T03:31:01.057Z');
INSERT INTO trd_series_propuestas VALUES('ed646d3f-4613-4dca-8e87-9ee736df521d','ACT003','ACTOS ADMINISTRATIVOS','Resoluciones',NULL,'Propuesta generada automáticamente desde SEG-TEC',0.9000000000000000222,'propuesta',NULL,NULL,NULL,NULL,'2026-03-11T03:31:01.057Z');
INSERT INTO trd_series_propuestas VALUES('0e6948e9-efc1-4884-942d-d3c7a670a3a6','ACT004','CONTRATOS','Contratos',NULL,'Propuesta generada automáticamente desde SEG-TEC',0.9000000000000000222,'propuesta',NULL,NULL,NULL,NULL,'2026-03-11T03:31:01.057Z');
INSERT INTO trd_series_propuestas VALUES('75e822a6-c0bb-4aed-ad06-249e894677b3','ACT005','PQRS','Peticiones, quejas y reclamos',NULL,'Propuesta generada automáticamente desde SEG-TEC',0.9000000000000000222,'propuesta',NULL,NULL,NULL,NULL,'2026-03-11T03:31:01.057Z');
INSERT INTO trd_series_propuestas VALUES('74f8f5fc-a3c0-4651-9bde-740463067435','ACT006','INFORMES','Informes de gestión',NULL,'Propuesta generada automáticamente desde SEG-TEC',0.9000000000000000222,'propuesta',NULL,NULL,NULL,NULL,'2026-03-11T03:31:01.057Z');
INSERT INTO trd_series_propuestas VALUES('38e8bd8c-c5e9-4645-9db6-a1118bbecd7f','ACT007','REGISTROS','Registros administrativos',NULL,'Propuesta generada automáticamente desde SEG-TEC',0.9000000000000000222,'aprobada',NULL,'1','2026-03-11T03:36:12.817Z',NULL,'2026-03-11T03:31:01.058Z');
INSERT INTO trd_series_propuestas VALUES('08eda0f2-3707-46de-9a32-1f7b42c0fe73','ACT009','INFORMES','Informes de auditoría',NULL,'Propuesta generada automáticamente desde SEG-TEC',0.9000000000000000222,'propuesta',NULL,NULL,NULL,NULL,'2026-03-11T03:31:01.058Z');
